-- phpMyAdmin SQL Dump
-- version 5.2.0
-- https://www.phpmyadmin.net/
--
-- Anamakine: localhost:8889
-- Üretim Zamanı: 28 Ara 2024, 16:12:03
-- Sunucu sürümü: 5.7.39
-- PHP Sürümü: 7.4.33

SET SQL_MODE = "NO_AUTO_VALUE_ON_ZERO";
START TRANSACTION;
SET time_zone = "+00:00";


/*!40101 SET @OLD_CHARACTER_SET_CLIENT=@@CHARACTER_SET_CLIENT */;
/*!40101 SET @OLD_CHARACTER_SET_RESULTS=@@CHARACTER_SET_RESULTS */;
/*!40101 SET @OLD_COLLATION_CONNECTION=@@COLLATION_CONNECTION */;
/*!40101 SET NAMES utf8mb4 */;

--
-- Veritabanı: `noradb`
--
CREATE DATABASE IF NOT EXISTS `noradb` DEFAULT CHARACTER SET utf8 COLLATE utf8_general_ci;
USE `noradb`;

-- --------------------------------------------------------

--
-- Tablo için tablo yapısı `auth_user`
--

DROP TABLE IF EXISTS `auth_user`;
CREATE TABLE IF NOT EXISTS `auth_user` (
  `user_id` int(11) NOT NULL AUTO_INCREMENT,
  `user_name` varchar(100) NOT NULL,
  `user_surname` varchar(100) NOT NULL,
  `user_email` varchar(100) NOT NULL,
  `user_password` text NOT NULL,
  `created_date` timestamp NOT NULL DEFAULT CURRENT_TIMESTAMP,
  PRIMARY KEY (`user_id`)
) ENGINE=InnoDB AUTO_INCREMENT=3 DEFAULT CHARSET=utf8;

--
-- Tablo döküm verisi `auth_user`
--

INSERT INTO `auth_user` (`user_id`, `user_name`, `user_surname`, `user_email`, `user_password`, `created_date`) VALUES
(1, 'Elif', 'Dincar', 'elifdincar@gmail.com', '123456', '2024-12-02 22:32:06'),
(2, 'ahmet', 'türk', 'ahmetturk@gmail.com', '123456', '2024-12-07 10:32:57');

-- --------------------------------------------------------

--
-- Tablo için tablo yapısı `list_branch`
--

DROP TABLE IF EXISTS `list_branch`;
CREATE TABLE IF NOT EXISTS `list_branch` (
  `branch_id` int(11) NOT NULL AUTO_INCREMENT,
  `branch_name` varchar(255) NOT NULL,
  `branch_address` text NOT NULL,
  `branch_phone` varchar(50) NOT NULL,
  `branch_instagram` varchar(100) NOT NULL,
  `branch_img_url` text,
  `branch_status` enum('enable','disable') NOT NULL DEFAULT 'enable',
  `updated_date` timestamp NULL DEFAULT CURRENT_TIMESTAMP ON UPDATE CURRENT_TIMESTAMP,
  PRIMARY KEY (`branch_id`)
) ENGINE=InnoDB AUTO_INCREMENT=3 DEFAULT CHARSET=utf8;

--
-- Tablo döküm verisi `list_branch`
--

INSERT INTO `list_branch` (`branch_id`, `branch_name`, `branch_address`, `branch_phone`, `branch_instagram`, `branch_img_url`, `branch_status`, `updated_date`) VALUES
(1, 'Buca Şubesi', 'Adatepe, 8/5. Sk. 1-1A, 35550 Buca/İzmir', '0541 280 1395', 'noracoffemore_buca', './assets/img/branch/13121nora_branch_img.jpeg', 'enable', '2024-12-26 18:08:34'),
(2, 'Bornova Şubesi', 'Kazımdirik, Süvari Cad. No:52/A, Bornova/İzmir', '0541 280 1396', 'noracoffemore_bornova', './assets/img/branch/nora_bornova.png', 'enable', '2024-12-26 19:35:08');

-- --------------------------------------------------------

--
-- Tablo için tablo yapısı `list_category`
--

DROP TABLE IF EXISTS `list_category`;
CREATE TABLE IF NOT EXISTS `list_category` (
  `category_id` int(11) NOT NULL AUTO_INCREMENT,
  `category_name` varchar(150) NOT NULL,
  PRIMARY KEY (`category_id`)
) ENGINE=InnoDB AUTO_INCREMENT=4 DEFAULT CHARSET=utf8;

--
-- Tablo döküm verisi `list_category`
--

INSERT INTO `list_category` (`category_id`, `category_name`) VALUES
(1, 'Temizlik'),
(2, 'Gıda'),
(3, 'Sarf Malzemesi');

-- --------------------------------------------------------

--
-- Tablo için tablo yapısı `list_product`
--

DROP TABLE IF EXISTS `list_product`;
CREATE TABLE IF NOT EXISTS `list_product` (
  `product_id` int(11) NOT NULL AUTO_INCREMENT,
  `product_name` varchar(255) NOT NULL,
  `category_id` int(11) NOT NULL,
  `list_price` decimal(10,2) NOT NULL,
  `vat_rate` enum('1','10','20') NOT NULL,
  `product_type` enum('product','material') NOT NULL DEFAULT 'product',
  `product_status` enum('enable','disable') NOT NULL DEFAULT 'enable',
  `updated_date` timestamp NOT NULL DEFAULT CURRENT_TIMESTAMP ON UPDATE CURRENT_TIMESTAMP,
  PRIMARY KEY (`product_id`),
  KEY `category_id` (`category_id`)
) ENGINE=InnoDB AUTO_INCREMENT=11 DEFAULT CHARSET=utf8;

--
-- Tablo döküm verisi `list_product`
--

INSERT INTO `list_product` (`product_id`, `product_name`, `category_id`, `list_price`, `vat_rate`, `product_type`, `product_status`, `updated_date`) VALUES
(1, 'Espresso', 1, '61.11', '1', 'product', 'enable', '2024-12-26 11:12:15'),
(2, 'Latte', 1, '99.99', '10', 'product', 'enable', '2024-12-26 11:12:17'),
(3, 'Mocha', 1, '109.95', '10', 'product', 'enable', '2024-12-26 11:12:18'),
(4, 'Ice Latte', 1, '159.99', '10', 'product', 'enable', '2024-12-26 11:12:20'),
(5, 'Kahve Çekirdeği Colombia (kg)', 2, '500.00', '10', 'material', 'enable', '2024-12-26 19:06:44'),
(6, 'Bardak (Orta Boy)', 3, '5.00', '20', 'material', 'enable', '2024-12-26 19:06:42'),
(7, 'Bardak (Küçük Boy)', 3, '1.50', '20', 'material', 'enable', '2024-12-26 19:06:39'),
(8, 'Camsil', 1, '52.90', '20', 'material', 'enable', '2024-12-26 12:06:33'),
(9, 'Yer Temizleyici', 1, '39.90', '20', 'material', 'enable', '2024-12-26 12:06:33'),
(10, 'Türk Kahvesi (Kg)', 2, '395.00', '1', 'material', 'enable', '2024-12-26 12:07:16');

-- --------------------------------------------------------

--
-- Tablo için tablo yapısı `organization_supplier`
--

DROP TABLE IF EXISTS `organization_supplier`;
CREATE TABLE IF NOT EXISTS `organization_supplier` (
  `supplier_id` int(11) NOT NULL AUTO_INCREMENT,
  `supplier_name` text NOT NULL,
  `supplier_email` varchar(100) NOT NULL,
  `supplier_password` varchar(255) NOT NULL,
  `supplier_code` varchar(100) NOT NULL,
  `supplier_phone` varchar(50) NOT NULL,
  `supplier_type` enum('buyer','seller','both') NOT NULL,
  `supplier_capacity` int(5) NOT NULL DEFAULT '0',
  `supplier_status` enum('enable','disable','waiting') NOT NULL DEFAULT 'enable',
  `updated_date` timestamp NULL DEFAULT CURRENT_TIMESTAMP ON UPDATE CURRENT_TIMESTAMP,
  PRIMARY KEY (`supplier_id`)
) ENGINE=InnoDB AUTO_INCREMENT=24 DEFAULT CHARSET=utf8;

--
-- Tablo döküm verisi `organization_supplier`
--

INSERT INTO `organization_supplier` (`supplier_id`, `supplier_name`, `supplier_email`, `supplier_password`, `supplier_code`, `supplier_phone`, `supplier_type`, `supplier_capacity`, `supplier_status`, `updated_date`) VALUES
(1, 'Ayda Gıda LTD. ŞTİ.', 'aydagida@gmail.com', '123456', 'CR000009', '232232', 'both', 5000, 'enable', '2024-12-27 13:40:49'),
(2, 'Bahar Gürbüz Pastacı', 'bahargurbuz@gmail.com', '123456', 'CR000013', '232231212', 'both', 1000, 'enable', '2024-12-25 20:58:00'),
(3, 'Ninova Atlas Kahve LTD. ŞTİ.', 'ninovaatlaskahve@gmail.com', '123456', 'CR000007', '1241241241', 'both', 1000, 'enable', '2024-12-26 19:51:33'),
(4, 'Satterfield Inc', 'kottosen0@utexas.edu', '123456', '0536-3405', '5235513458', 'both', 1000, 'enable', '2024-12-26 19:51:33'),
(5, 'Hickle, Parker and Roob', 'ewoffinden1@webnode.com', '123456', '57955-5133', '3681095653', 'buyer', 1000, 'enable', '2024-12-26 15:04:56'),
(6, 'Hickle-Pouros', 'swaleworke2@latimes.com', '123456', '41250-816', '8253207777', 'seller', 1000, 'enable', '2024-12-26 19:51:33'),
(7, 'Welch and Sons', 'edmisek3@4shared.com', '123456', '50964-080', '7047349300', 'seller', 1000, 'enable', '2024-12-26 19:51:33'),
(8, 'Ruecker and Sons', 'ibrierton4@ustream.tv', '123456', '0409-6629', '9927585046', 'both', 1000, 'enable', '2024-12-26 15:05:01'),
(9, 'Kreiger-Reilly', 'rwahlberg5@netvibes.com', '123456', '54569-5800', '2659793995', 'both', 1000, 'enable', '2024-12-26 19:51:33'),
(10, 'Stark LLC', 'editer6@oaic.gov.au', '123456', '64764-560', '2296698721', 'both', 1000, 'enable', '2024-12-26 19:51:33'),
(11, 'Purdy, Hane and Cummings', 'mchesser7@census.gov', '123456', '0615-1357', '3515084291', 'both', 1000, 'enable', '2024-12-26 19:51:33'),
(12, 'Sawayn-Hessel', 'ybonnell8@wix.com', '123456', '52686-242', '2383443639', 'buyer', 1000, 'enable', '2024-12-26 19:51:33'),
(13, 'Hahn, Erdman and Hand', 'ppersse9@msn.com', '123456', '47593-336', '8294078946', 'seller', 1000, 'enable', '2024-12-26 19:51:33'),
(14, 'Wehner, Bashirian and Schumm', 'bhookea@google.es', '123456', '67510-0082', '7888208109', 'both', 1000, 'enable', '2024-12-26 15:05:10'),
(15, 'Breitenberg, Watsica and Sporer', 'kwimbushb@vk.com', '123456', '41250-799', '4725666293', 'buyer', 1000, 'enable', '2024-12-26 19:51:33'),
(16, 'Little, Wiza and Huel', 'droscherc@narod.ru', '123456', '52544-259', '1088786070', 'seller', 1000, 'enable', '2024-12-26 19:51:33'),
(17, 'Osinski LLC', 'loxnamd@issuu.com', '123456', '0143-9918', '2891029648', 'buyer', 1000, 'enable', '2024-12-26 19:51:33'),
(18, 'Treutel-Baumbach', 'fbuckseye@reference.com', '123456', '54973-9120', '6714134841', 'seller', 1000, 'enable', '2024-12-26 19:51:33'),
(19, 'Grant Group', 'rtoghillf@globo.com', '123456', '29300-189', '8227212053', 'buyer', 1000, 'waiting', '2024-12-26 19:51:40'),
(20, 'Rempel-Bahringer', 'eburlingameg@guardian.co.uk', '123456', '68788-9724', '9935264471', 'seller', 1000, 'enable', '2024-12-26 19:51:33'),
(21, 'Mitchell Inc', 'afowlestoneh@goodreads.com', '123456', '49643-389', '3173222215', 'buyer', 1000, 'enable', '2024-12-26 15:05:24'),
(22, 'Gerhold LLC', 'amaccreai@weibo.com', '123456', '54136-030', '2069584238', 'buyer', 1000, 'enable', '2024-12-26 19:51:33'),
(23, 'Von, McGlynn and Hane', 'tabbatuccij@goo.gl', '123456', '66993-210', '8358952466', 'both', 1000, 'enable', '2024-12-26 19:51:33');

-- --------------------------------------------------------

--
-- Tablo için tablo yapısı `sales_stock`
--

DROP TABLE IF EXISTS `sales_stock`;
CREATE TABLE IF NOT EXISTS `sales_stock` (
  `stock_id` int(11) NOT NULL AUTO_INCREMENT,
  `supplier_id` int(11) NOT NULL,
  `branch_id` int(11) NOT NULL,
  `stock_date` timestamp NOT NULL DEFAULT CURRENT_TIMESTAMP,
  `delivery_date` timestamp NULL DEFAULT NULL,
  `order_score` enum('0','1','2','3','4','5') NOT NULL DEFAULT '0',
  `updated_date` timestamp NOT NULL DEFAULT CURRENT_TIMESTAMP ON UPDATE CURRENT_TIMESTAMP,
  PRIMARY KEY (`stock_id`),
  KEY `supplier_id` (`supplier_id`),
  KEY `branch_id` (`branch_id`)
) ENGINE=InnoDB AUTO_INCREMENT=209 DEFAULT CHARSET=utf8;

--
-- Tablo döküm verisi `sales_stock`
--

INSERT INTO `sales_stock` (`stock_id`, `supplier_id`, `branch_id`, `stock_date`, `delivery_date`, `order_score`, `updated_date`) VALUES
(2, 1, 1, '2024-12-23 21:00:00', '2024-12-26 14:33:49', '3', '2024-12-26 15:06:27'),
(3, 1, 1, '2024-11-10 21:00:00', NULL, '4', '2024-12-26 15:06:30'),
(4, 1, 1, '2024-09-30 21:00:00', NULL, '1', '2024-12-26 15:06:32'),
(5, 1, 1, '2024-08-07 21:00:00', NULL, '5', '2024-12-26 15:06:35'),
(6, 1, 1, '2024-09-30 21:00:00', NULL, '2', '2024-12-26 15:06:38'),
(7, 1, 1, '2024-07-15 21:00:00', NULL, '3', '2024-12-26 15:21:09'),
(8, 1, 1, '2024-09-22 21:00:00', NULL, '3', '2024-12-26 15:21:09'),
(9, 11, 1, '2024-10-31 21:00:00', '2024-10-22 21:00:00', '3', '2024-12-26 16:22:44'),
(10, 8, 1, '2024-07-10 21:00:00', '2024-08-13 21:00:00', '1', '2024-12-26 16:22:44'),
(11, 20, 1, '2024-05-07 21:00:00', '2024-06-24 21:00:00', '2', '2024-12-26 16:24:49'),
(12, 5, 1, '2024-07-09 21:00:00', '2024-08-12 21:00:00', '2', '2024-12-26 16:22:44'),
(13, 21, 1, '2024-12-03 21:00:00', '2024-06-18 21:00:00', '4', '2024-12-26 16:22:44'),
(14, 11, 1, '2024-12-22 21:00:00', '2024-06-13 21:00:00', '1', '2024-12-26 16:22:44'),
(15, 4, 1, '2024-08-02 21:00:00', '2024-08-27 21:00:00', '1', '2024-12-26 16:22:44'),
(16, 12, 1, '2024-06-22 21:00:00', '2024-08-15 21:00:00', '1', '2024-12-26 16:22:44'),
(17, 13, 1, '2024-09-25 21:00:00', '2024-07-19 21:00:00', '1', '2024-12-26 16:22:44'),
(18, 20, 1, '2024-05-17 21:00:00', '2024-06-18 21:00:00', '1', '2024-12-26 16:22:44'),
(19, 11, 1, '2024-09-20 21:00:00', '2024-12-08 21:00:00', '4', '2024-12-26 16:24:52'),
(20, 2, 1, '2024-09-09 21:00:00', '2024-07-23 21:00:00', '4', '2024-12-26 16:24:55'),
(21, 15, 1, '2024-07-20 21:00:00', '2024-10-07 21:00:00', '3', '2024-12-26 16:24:58'),
(22, 9, 1, '2024-07-05 21:00:00', '2024-07-16 21:00:00', '2', '2024-12-26 16:22:44'),
(23, 14, 1, '2024-11-21 21:00:00', '2024-09-16 21:00:00', '1', '2024-12-26 16:22:44'),
(24, 4, 1, '2024-11-26 21:00:00', '2024-08-03 21:00:00', '2', '2024-12-26 16:22:44'),
(25, 9, 1, '2024-08-23 21:00:00', '2024-09-11 21:00:00', '2', '2024-12-26 16:22:44'),
(26, 14, 1, '2024-08-23 21:00:00', '2024-10-22 21:00:00', '1', '2024-12-26 16:22:44'),
(27, 10, 1, '2024-12-02 21:00:00', '2024-10-14 21:00:00', '2', '2024-12-26 16:22:44'),
(28, 3, 1, '2024-10-25 21:00:00', '2024-05-20 21:00:00', '2', '2024-12-26 16:22:44'),
(29, 22, 1, '2024-11-06 21:00:00', '2024-12-16 21:00:00', '2', '2024-12-26 16:22:44'),
(30, 15, 1, '2024-07-30 21:00:00', '2024-09-08 21:00:00', '2', '2024-12-26 16:22:44'),
(31, 1, 1, '2024-07-26 21:00:00', '2024-07-04 21:00:00', '3', '2024-12-26 16:25:31'),
(32, 1, 1, '2024-05-03 21:00:00', '2024-05-20 21:00:00', '3', '2024-12-26 16:25:31'),
(33, 19, 1, '2024-09-16 21:00:00', '2024-11-12 21:00:00', '3', '2024-12-26 16:25:31'),
(34, 9, 1, '2024-07-22 21:00:00', '2024-08-28 21:00:00', '1', '2024-12-26 16:22:44'),
(35, 11, 1, '2024-09-05 21:00:00', '2024-06-09 21:00:00', '2', '2024-12-26 16:22:44'),
(36, 12, 1, '2024-09-27 21:00:00', '2024-11-15 21:00:00', '3', '2024-12-26 16:22:44'),
(37, 10, 1, '2024-08-08 21:00:00', '2024-08-16 21:00:00', '3', '2024-12-26 16:22:44'),
(38, 6, 1, '2024-06-03 21:00:00', '2024-11-12 21:00:00', '4', '2024-12-26 16:22:44'),
(39, 11, 1, '2024-12-15 21:00:00', '2024-06-01 21:00:00', '2', '2024-12-26 16:22:44'),
(40, 10, 1, '2024-12-09 21:00:00', '2024-07-30 21:00:00', '3', '2024-12-26 16:25:31'),
(41, 20, 1, '2024-06-28 21:00:00', '2024-11-18 21:00:00', '3', '2024-12-26 16:25:31'),
(42, 17, 1, '2024-07-05 21:00:00', '2024-10-27 21:00:00', '3', '2024-12-26 16:25:31'),
(43, 3, 1, '2024-07-21 21:00:00', '2024-05-24 21:00:00', '1', '2024-12-26 16:22:44'),
(44, 8, 1, '2024-10-09 21:00:00', '2024-10-06 21:00:00', '4', '2024-12-26 16:22:44'),
(45, 8, 1, '2024-07-30 21:00:00', '2024-10-31 21:00:00', '2', '2024-12-26 16:22:44'),
(46, 7, 1, '2024-09-10 21:00:00', '2024-12-16 21:00:00', '3', '2024-12-26 16:25:31'),
(47, 10, 1, '2024-09-20 21:00:00', '2024-06-23 21:00:00', '1', '2024-12-26 16:22:44'),
(48, 5, 1, '2024-06-06 21:00:00', '2024-12-01 21:00:00', '4', '2024-12-26 16:22:44'),
(49, 7, 1, '2024-05-19 21:00:00', '2024-11-18 21:00:00', '2', '2024-12-26 16:22:44'),
(50, 18, 1, '2024-12-11 21:00:00', '2024-09-23 21:00:00', '4', '2024-12-26 16:22:44'),
(51, 18, 1, '2024-12-06 21:00:00', '2024-12-24 21:00:00', '2', '2024-12-26 16:22:44'),
(52, 18, 1, '2024-10-28 21:00:00', '2024-09-11 21:00:00', '4', '2024-12-26 16:22:44'),
(53, 3, 1, '2024-09-09 21:00:00', '2024-11-17 21:00:00', '3', '2024-12-26 16:25:31'),
(54, 9, 1, '2024-05-10 21:00:00', '2024-10-20 21:00:00', '2', '2024-12-26 16:22:44'),
(55, 11, 1, '2024-08-20 21:00:00', '2024-07-11 21:00:00', '2', '2024-12-26 16:22:44'),
(56, 19, 1, '2024-10-16 21:00:00', '2024-11-06 21:00:00', '1', '2024-12-26 16:22:44'),
(57, 14, 1, '2024-05-14 21:00:00', '2024-06-10 21:00:00', '2', '2024-12-26 16:22:44'),
(58, 2, 1, '2024-08-13 21:00:00', '2024-11-23 21:00:00', '2', '2024-12-26 16:22:44'),
(59, 19, 1, '2024-11-12 21:00:00', '2024-11-28 21:00:00', '4', '2024-12-26 16:22:44'),
(60, 3, 1, '2024-07-14 21:00:00', '2024-08-31 21:00:00', '3', '2024-12-26 16:22:44'),
(61, 5, 1, '2024-11-23 21:00:00', '2024-06-04 21:00:00', '3', '2024-12-26 16:22:44'),
(62, 13, 1, '2024-06-22 21:00:00', '2024-05-29 21:00:00', '2', '2024-12-26 16:22:44'),
(63, 12, 1, '2024-07-17 21:00:00', '2024-08-11 21:00:00', '2', '2024-12-26 16:22:44'),
(64, 19, 1, '2024-06-17 21:00:00', '2024-06-20 21:00:00', '3', '2024-12-26 16:22:44'),
(65, 4, 1, '2024-06-03 21:00:00', '2024-12-09 21:00:00', '4', '2024-12-26 16:22:44'),
(66, 6, 1, '2024-11-09 21:00:00', '2024-06-16 21:00:00', '1', '2024-12-26 16:22:44'),
(67, 6, 1, '2024-05-13 21:00:00', '2024-08-11 21:00:00', '3', '2024-12-26 16:22:44'),
(68, 9, 1, '2024-09-28 21:00:00', '2024-12-10 21:00:00', '3', '2024-12-26 16:25:31'),
(69, 6, 1, '2024-09-07 21:00:00', '2024-10-03 21:00:00', '3', '2024-12-26 16:22:44'),
(70, 18, 1, '2024-06-04 21:00:00', '2024-10-26 21:00:00', '3', '2024-12-26 16:22:44'),
(71, 7, 1, '2024-06-02 21:00:00', '2024-12-01 21:00:00', '2', '2024-12-26 16:22:44'),
(72, 2, 1, '2024-12-03 21:00:00', '2024-08-14 21:00:00', '1', '2024-12-26 16:22:44'),
(73, 9, 1, '2024-10-14 21:00:00', '2024-10-07 21:00:00', '1', '2024-12-26 16:22:44'),
(74, 21, 1, '2024-09-28 21:00:00', '2024-10-02 21:00:00', '4', '2024-12-26 16:22:44'),
(75, 18, 1, '2024-07-02 21:00:00', '2024-06-12 21:00:00', '4', '2024-12-26 16:22:44'),
(76, 20, 1, '2024-07-17 21:00:00', '2024-07-21 21:00:00', '1', '2024-12-26 16:22:44'),
(77, 12, 1, '2024-06-25 21:00:00', '2024-12-04 21:00:00', '2', '2024-12-26 16:22:44'),
(78, 9, 1, '2024-12-12 21:00:00', '2024-11-28 21:00:00', '2', '2024-12-26 16:22:44'),
(79, 10, 1, '2024-06-08 21:00:00', '2024-05-23 21:00:00', '1', '2024-12-26 16:22:44'),
(80, 23, 1, '2024-05-22 21:00:00', '2024-12-06 21:00:00', '1', '2024-12-26 16:22:44'),
(81, 21, 1, '2024-11-23 21:00:00', '2024-10-29 21:00:00', '1', '2024-12-26 16:22:44'),
(82, 1, 1, '2024-09-26 21:00:00', '2024-10-05 21:00:00', '4', '2024-12-26 16:22:44'),
(83, 19, 1, '2024-11-26 21:00:00', '2024-06-21 21:00:00', '1', '2024-12-26 16:22:44'),
(84, 11, 1, '2024-05-17 21:00:00', '2024-12-11 21:00:00', '4', '2024-12-26 16:22:44'),
(85, 18, 1, '2024-12-01 21:00:00', '2024-06-19 21:00:00', '4', '2024-12-26 16:22:44'),
(86, 10, 1, '2024-12-06 21:00:00', '2024-07-04 21:00:00', '3', '2024-12-26 16:25:31'),
(87, 7, 1, '2024-12-22 21:00:00', '2024-08-28 21:00:00', '1', '2024-12-26 16:22:44'),
(88, 14, 1, '2024-07-16 21:00:00', '2024-11-03 21:00:00', '1', '2024-12-26 16:22:44'),
(89, 4, 1, '2024-09-16 21:00:00', '2024-08-18 21:00:00', '3', '2024-12-26 16:22:44'),
(90, 6, 1, '2024-05-16 21:00:00', '2024-09-26 21:00:00', '3', '2024-12-26 16:25:31'),
(91, 8, 1, '2024-12-21 21:00:00', '2024-07-14 21:00:00', '1', '2024-12-26 16:22:44'),
(92, 22, 1, '2024-09-07 21:00:00', '2024-12-01 21:00:00', '3', '2024-12-26 16:25:31'),
(93, 4, 1, '2024-11-25 21:00:00', '2024-10-04 21:00:00', '3', '2024-12-26 16:22:44'),
(94, 14, 1, '2024-05-29 21:00:00', '2024-05-12 21:00:00', '3', '2024-12-26 16:25:31'),
(95, 2, 1, '2024-09-21 21:00:00', '2024-08-24 21:00:00', '4', '2024-12-26 16:22:44'),
(96, 8, 1, '2024-10-03 21:00:00', '2024-11-19 21:00:00', '3', '2024-12-26 16:25:31'),
(97, 21, 1, '2024-05-30 21:00:00', '2024-09-13 21:00:00', '2', '2024-12-26 16:22:44'),
(98, 4, 1, '2024-05-29 21:00:00', '2024-08-04 21:00:00', '3', '2024-12-26 16:25:31'),
(99, 8, 1, '2024-12-03 21:00:00', '2024-08-15 21:00:00', '4', '2024-12-26 16:22:44'),
(100, 21, 1, '2024-06-20 21:00:00', '2024-08-21 21:00:00', '4', '2024-12-26 16:22:44'),
(101, 17, 1, '2024-06-21 21:00:00', '2024-07-03 21:00:00', '4', '2024-12-26 16:22:44'),
(102, 17, 1, '2024-08-03 21:00:00', '2024-07-23 21:00:00', '3', '2024-12-26 16:25:31'),
(103, 8, 1, '2024-08-30 21:00:00', '2024-05-09 21:00:00', '1', '2024-12-26 16:22:44'),
(104, 3, 1, '2024-08-22 21:00:00', '2024-10-23 21:00:00', '3', '2024-12-26 16:22:44'),
(105, 18, 1, '2024-07-29 21:00:00', '2024-08-02 21:00:00', '3', '2024-12-26 16:22:44'),
(106, 16, 1, '2024-07-21 21:00:00', '2024-10-31 21:00:00', '1', '2024-12-26 16:22:44'),
(107, 13, 1, '2024-10-18 21:00:00', '2024-09-24 21:00:00', '4', '2024-12-26 16:22:44'),
(108, 22, 1, '2024-10-28 21:00:00', '2024-05-18 21:00:00', '4', '2024-12-26 16:22:44'),
(109, 16, 1, '2024-05-11 21:00:00', '2024-09-14 21:00:00', '1', '2024-12-26 16:27:17'),
(110, 17, 1, '2024-12-12 21:00:00', '2024-05-22 21:00:00', '4', '2024-12-26 16:27:17'),
(111, 16, 1, '2024-06-17 21:00:00', '2024-05-02 21:00:00', '3', '2024-12-26 16:27:17'),
(112, 17, 1, '2024-06-05 21:00:00', '2024-05-26 21:00:00', '1', '2024-12-26 16:27:17'),
(113, 20, 1, '2024-12-12 21:00:00', '2024-08-12 21:00:00', '4', '2024-12-26 16:27:17'),
(114, 20, 1, '2024-07-04 21:00:00', '2024-12-14 21:00:00', '0', '2024-12-26 16:27:17'),
(115, 19, 1, '2024-05-07 21:00:00', '2024-08-25 21:00:00', '1', '2024-12-26 16:27:17'),
(116, 19, 1, '2024-11-16 21:00:00', '2024-07-11 21:00:00', '1', '2024-12-26 16:27:17'),
(117, 15, 1, '2024-12-11 21:00:00', '2024-09-24 21:00:00', '2', '2024-12-26 16:27:17'),
(118, 5, 1, '2024-12-06 21:00:00', '2024-08-17 21:00:00', '2', '2024-12-26 16:27:17'),
(119, 11, 1, '2024-09-13 21:00:00', '2024-10-12 21:00:00', '2', '2024-12-26 16:27:17'),
(120, 10, 1, '2024-09-28 21:00:00', '2024-06-19 21:00:00', '3', '2024-12-26 16:27:17'),
(121, 6, 1, '2024-09-01 21:00:00', '2024-11-03 21:00:00', '4', '2024-12-26 16:27:17'),
(122, 1, 1, '2024-12-03 21:00:00', '2024-11-22 21:00:00', '2', '2024-12-26 16:27:17'),
(123, 19, 1, '2024-05-02 21:00:00', '2024-11-13 21:00:00', '4', '2024-12-26 16:27:17'),
(124, 16, 1, '2024-11-09 21:00:00', '2024-07-19 21:00:00', '2', '2024-12-26 16:27:17'),
(125, 18, 1, '2024-08-10 21:00:00', '2024-08-04 21:00:00', '0', '2024-12-26 16:27:17'),
(126, 9, 1, '2024-05-18 21:00:00', '2024-10-07 21:00:00', '2', '2024-12-26 16:27:17'),
(127, 17, 1, '2024-12-19 21:00:00', '2024-08-16 21:00:00', '4', '2024-12-26 16:27:17'),
(128, 22, 1, '2024-10-03 21:00:00', '2024-10-21 21:00:00', '1', '2024-12-26 16:27:17'),
(129, 3, 1, '2024-10-12 21:00:00', '2024-10-04 21:00:00', '2', '2024-12-26 16:27:17'),
(130, 13, 1, '2024-10-09 21:00:00', '2024-07-19 21:00:00', '0', '2024-12-26 16:27:17'),
(131, 17, 1, '2024-10-05 21:00:00', '2024-06-04 21:00:00', '1', '2024-12-26 16:27:17'),
(132, 1, 1, '2024-08-12 21:00:00', '2024-08-18 21:00:00', '3', '2024-12-26 16:27:17'),
(133, 2, 1, '2024-08-10 21:00:00', '2024-09-11 21:00:00', '0', '2024-12-26 16:27:17'),
(134, 16, 1, '2024-10-29 21:00:00', '2024-06-27 21:00:00', '0', '2024-12-26 16:27:17'),
(135, 22, 1, '2024-09-22 21:00:00', '2024-12-23 21:00:00', '0', '2024-12-26 16:27:17'),
(136, 14, 1, '2024-07-14 21:00:00', '2024-05-07 21:00:00', '0', '2024-12-26 16:27:17'),
(137, 2, 1, '2024-07-13 21:00:00', '2024-09-28 21:00:00', '1', '2024-12-26 16:27:17'),
(138, 1, 1, '2024-08-29 21:00:00', '2024-12-24 21:00:00', '0', '2024-12-26 16:27:17'),
(139, 9, 1, '2024-06-21 21:00:00', '2024-11-16 21:00:00', '1', '2024-12-26 16:27:17'),
(140, 20, 1, '2024-09-02 21:00:00', '2024-11-22 21:00:00', '1', '2024-12-26 16:27:17'),
(141, 23, 1, '2024-12-02 21:00:00', '2024-10-09 21:00:00', '0', '2024-12-26 16:27:17'),
(142, 7, 1, '2024-05-01 21:00:00', '2024-08-27 21:00:00', '1', '2024-12-26 16:27:17'),
(143, 15, 1, '2024-08-18 21:00:00', '2024-09-21 21:00:00', '4', '2024-12-26 16:27:17'),
(144, 16, 1, '2024-06-09 21:00:00', '2024-05-17 21:00:00', '1', '2024-12-26 16:27:17'),
(145, 5, 1, '2024-10-15 21:00:00', '2024-06-17 21:00:00', '2', '2024-12-26 16:27:17'),
(146, 23, 1, '2024-05-18 21:00:00', '2024-06-25 21:00:00', '3', '2024-12-26 16:27:17'),
(147, 8, 1, '2024-08-02 21:00:00', '2024-06-12 21:00:00', '2', '2024-12-26 16:27:17'),
(148, 17, 1, '2024-12-21 21:00:00', '2024-09-21 21:00:00', '0', '2024-12-26 16:27:17'),
(149, 6, 1, '2024-12-11 21:00:00', '2024-05-16 21:00:00', '3', '2024-12-26 16:27:17'),
(150, 3, 1, '2024-09-24 21:00:00', '2024-10-10 21:00:00', '2', '2024-12-26 16:27:17'),
(151, 13, 1, '2024-07-12 21:00:00', '2024-05-20 21:00:00', '0', '2024-12-26 16:27:17'),
(152, 13, 1, '2024-08-06 21:00:00', '2024-10-22 21:00:00', '3', '2024-12-26 16:27:17'),
(153, 22, 1, '2024-08-27 21:00:00', '2024-07-05 21:00:00', '0', '2024-12-26 16:27:17'),
(154, 1, 1, '2024-10-02 21:00:00', '2024-09-09 21:00:00', '4', '2024-12-26 16:27:17'),
(155, 17, 1, '2024-06-01 21:00:00', '2024-05-04 21:00:00', '0', '2024-12-26 16:27:17'),
(156, 4, 1, '2024-05-31 21:00:00', '2024-09-19 21:00:00', '0', '2024-12-26 16:27:17'),
(157, 20, 1, '2024-09-18 21:00:00', '2024-11-17 21:00:00', '1', '2024-12-26 16:27:17'),
(158, 14, 1, '2024-10-03 21:00:00', '2024-07-20 21:00:00', '1', '2024-12-26 16:27:17'),
(159, 19, 1, '2024-09-14 21:00:00', '2024-07-28 21:00:00', '3', '2024-12-26 16:27:17'),
(160, 4, 1, '2024-05-23 21:00:00', '2024-05-09 21:00:00', '1', '2024-12-26 16:27:17'),
(161, 23, 1, '2024-12-24 21:00:00', '2024-10-07 21:00:00', '1', '2024-12-26 16:27:17'),
(162, 4, 1, '2024-08-03 21:00:00', '2024-11-05 21:00:00', '1', '2024-12-26 16:27:17'),
(163, 14, 1, '2024-08-15 21:00:00', '2024-05-07 21:00:00', '0', '2024-12-26 16:27:17'),
(164, 10, 1, '2024-09-10 21:00:00', '2024-08-14 21:00:00', '4', '2024-12-26 16:27:17'),
(165, 10, 1, '2024-05-05 21:00:00', '2024-07-23 21:00:00', '2', '2024-12-26 16:27:17'),
(166, 11, 1, '2024-09-03 21:00:00', '2024-10-08 21:00:00', '4', '2024-12-26 16:27:17'),
(167, 10, 1, '2024-11-18 21:00:00', '2024-09-22 21:00:00', '0', '2024-12-26 16:27:17'),
(168, 3, 1, '2024-10-06 21:00:00', '2024-10-11 21:00:00', '4', '2024-12-26 16:27:17'),
(169, 4, 1, '2024-05-12 21:00:00', '2024-09-30 21:00:00', '0', '2024-12-26 16:27:17'),
(170, 8, 1, '2024-11-06 21:00:00', '2024-12-02 21:00:00', '3', '2024-12-26 16:27:17'),
(171, 20, 1, '2024-05-24 21:00:00', '2024-06-24 21:00:00', '0', '2024-12-26 16:27:17'),
(172, 7, 1, '2024-07-30 21:00:00', '2024-09-14 21:00:00', '0', '2024-12-26 16:27:17'),
(173, 12, 1, '2024-11-15 21:00:00', '2024-08-23 21:00:00', '2', '2024-12-26 16:27:17'),
(174, 2, 1, '2024-07-19 21:00:00', '2024-08-12 21:00:00', '0', '2024-12-26 16:27:17'),
(175, 13, 1, '2024-05-06 21:00:00', '2024-06-29 21:00:00', '4', '2024-12-26 16:27:17'),
(176, 4, 1, '2024-06-07 21:00:00', '2024-08-11 21:00:00', '1', '2024-12-26 16:27:17'),
(177, 22, 1, '2024-10-24 21:00:00', '2024-08-22 21:00:00', '0', '2024-12-26 16:27:17'),
(178, 8, 1, '2024-12-01 21:00:00', '2024-07-31 21:00:00', '1', '2024-12-26 16:27:17'),
(179, 7, 1, '2024-12-11 21:00:00', '2024-11-07 21:00:00', '4', '2024-12-26 16:27:17'),
(180, 6, 1, '2024-12-01 21:00:00', '2024-07-12 21:00:00', '4', '2024-12-26 16:27:17'),
(181, 23, 1, '2024-08-19 21:00:00', '2024-09-21 21:00:00', '0', '2024-12-26 16:27:17'),
(182, 13, 1, '2024-08-14 21:00:00', '2024-10-10 21:00:00', '0', '2024-12-26 16:27:17'),
(183, 16, 1, '2024-05-29 21:00:00', '2024-07-03 21:00:00', '2', '2024-12-26 16:27:17'),
(184, 16, 1, '2024-10-28 21:00:00', '2024-05-19 21:00:00', '4', '2024-12-26 16:27:17'),
(185, 1, 1, '2024-06-12 21:00:00', '2024-09-01 21:00:00', '1', '2024-12-26 16:27:17'),
(186, 19, 1, '2024-06-13 21:00:00', '2024-07-28 21:00:00', '0', '2024-12-26 16:27:17'),
(187, 12, 1, '2024-08-15 21:00:00', '2024-05-03 21:00:00', '0', '2024-12-26 16:27:17'),
(188, 17, 1, '2024-09-26 21:00:00', '2024-10-29 21:00:00', '1', '2024-12-26 16:27:17'),
(189, 15, 1, '2024-06-28 21:00:00', '2024-06-06 21:00:00', '4', '2024-12-26 16:27:17'),
(190, 3, 1, '2024-05-27 21:00:00', '2024-11-21 21:00:00', '1', '2024-12-26 16:27:17'),
(191, 8, 1, '2024-10-12 21:00:00', '2024-05-01 21:00:00', '2', '2024-12-26 16:27:17'),
(192, 22, 1, '2024-10-10 21:00:00', '2024-06-27 21:00:00', '4', '2024-12-26 16:27:17'),
(193, 10, 1, '2024-06-21 21:00:00', '2024-07-22 21:00:00', '1', '2024-12-26 16:27:17'),
(194, 2, 1, '2024-07-04 21:00:00', '2024-08-22 21:00:00', '1', '2024-12-26 16:27:17'),
(195, 20, 1, '2024-08-04 21:00:00', '2024-12-16 21:00:00', '4', '2024-12-26 16:27:17'),
(196, 11, 1, '2024-09-25 21:00:00', '2024-09-12 21:00:00', '2', '2024-12-26 16:27:17'),
(197, 7, 1, '2024-05-22 21:00:00', '2024-07-01 21:00:00', '1', '2024-12-26 16:27:17'),
(198, 15, 1, '2024-08-28 21:00:00', '2024-05-16 21:00:00', '4', '2024-12-26 16:27:17'),
(199, 22, 1, '2024-05-06 21:00:00', '2024-08-01 21:00:00', '2', '2024-12-26 16:27:17'),
(200, 21, 1, '2024-07-11 21:00:00', '2024-12-05 21:00:00', '1', '2024-12-26 16:27:17'),
(201, 12, 1, '2024-11-06 21:00:00', '2024-08-26 21:00:00', '1', '2024-12-26 16:27:17'),
(202, 13, 1, '2024-10-05 21:00:00', '2024-10-22 21:00:00', '1', '2024-12-26 16:27:17'),
(203, 23, 1, '2024-07-06 21:00:00', '2024-10-02 21:00:00', '1', '2024-12-26 16:27:17'),
(204, 21, 1, '2024-06-24 21:00:00', '2024-07-07 21:00:00', '3', '2024-12-26 16:27:17'),
(205, 9, 1, '2024-05-17 21:00:00', '2024-10-16 21:00:00', '4', '2024-12-26 16:27:17'),
(206, 18, 1, '2024-11-30 21:00:00', '2024-08-07 21:00:00', '2', '2024-12-26 16:27:17'),
(207, 18, 1, '2024-07-29 21:00:00', '2024-05-30 21:00:00', '0', '2024-12-26 16:27:17'),
(208, 9, 1, '2024-09-12 21:00:00', '2024-09-30 21:00:00', '1', '2024-12-26 16:27:17');

-- --------------------------------------------------------

--
-- Tablo için tablo yapısı `sales_stockproducts`
--

DROP TABLE IF EXISTS `sales_stockproducts`;
CREATE TABLE IF NOT EXISTS `sales_stockproducts` (
  `id` int(11) NOT NULL AUTO_INCREMENT,
  `stock_id` int(11) NOT NULL,
  `product_id` int(11) NOT NULL,
  `quantity` int(6) NOT NULL,
  `unit_price` decimal(10,2) NOT NULL,
  `vat_rate` enum('1','10','20') NOT NULL,
  PRIMARY KEY (`id`),
  KEY `stock_id` (`stock_id`),
  KEY `product_id` (`product_id`)
) ENGINE=InnoDB AUTO_INCREMENT=511 DEFAULT CHARSET=utf8;

--
-- Tablo döküm verisi `sales_stockproducts`
--

INSERT INTO `sales_stockproducts` (`id`, `stock_id`, `product_id`, `quantity`, `unit_price`, `vat_rate`) VALUES
(9, 2, 5, 110, '475.25', '20'),
(10, 2, 7, 1000, '1.33', '20'),
(11, 88, 7, 78, '371.59', '20'),
(12, 121, 5, 85, '254.46', '20'),
(13, 167, 10, 97, '301.32', '20'),
(14, 35, 8, 50, '146.87', '20'),
(15, 77, 7, 52, '474.93', '20'),
(16, 143, 6, 77, '465.04', '20'),
(17, 104, 9, 97, '117.22', '20'),
(18, 53, 5, 33, '266.52', '20'),
(19, 116, 8, 19, '294.10', '20'),
(20, 80, 8, 47, '124.54', '20'),
(21, 112, 5, 25, '82.61', '20'),
(22, 101, 10, 73, '314.43', '20'),
(23, 122, 7, 30, '202.55', '20'),
(24, 118, 5, 20, '331.99', '20'),
(25, 190, 6, 55, '183.78', '20'),
(26, 93, 10, 58, '38.91', '20'),
(27, 45, 9, 61, '168.41', '20'),
(28, 31, 8, 24, '35.91', '20'),
(29, 135, 7, 56, '453.03', '20'),
(30, 41, 9, 72, '370.28', '20'),
(31, 81, 8, 25, '122.98', '20'),
(32, 30, 10, 62, '475.91', '20'),
(33, 194, 6, 85, '249.92', '20'),
(34, 186, 9, 28, '179.64', '20'),
(35, 167, 8, 97, '342.71', '20'),
(36, 72, 10, 7, '163.15', '20'),
(37, 134, 7, 11, '15.28', '20'),
(38, 110, 6, 75, '379.63', '20'),
(39, 115, 10, 7, '315.38', '20'),
(40, 88, 7, 43, '406.88', '20'),
(41, 163, 7, 84, '485.44', '20'),
(42, 22, 7, 32, '227.25', '20'),
(43, 39, 10, 19, '388.44', '20'),
(44, 91, 8, 47, '46.45', '20'),
(45, 74, 10, 46, '13.94', '20'),
(46, 175, 9, 77, '394.31', '20'),
(47, 189, 9, 41, '392.93', '20'),
(48, 114, 6, 44, '194.72', '20'),
(49, 130, 9, 95, '172.40', '20'),
(50, 89, 5, 80, '87.59', '20'),
(51, 33, 5, 19, '17.03', '20'),
(52, 137, 5, 44, '33.95', '20'),
(53, 150, 5, 80, '243.15', '20'),
(54, 112, 5, 82, '301.36', '20'),
(55, 98, 9, 16, '397.25', '20'),
(56, 135, 7, 47, '418.19', '20'),
(57, 200, 10, 77, '315.40', '20'),
(58, 19, 8, 89, '302.95', '20'),
(59, 76, 5, 70, '388.84', '20'),
(60, 77, 6, 86, '307.94', '20'),
(61, 127, 9, 56, '486.64', '20'),
(62, 158, 10, 18, '400.42', '20'),
(63, 143, 5, 73, '180.91', '20'),
(64, 56, 6, 58, '62.99', '20'),
(65, 110, 10, 22, '494.16', '20'),
(66, 33, 6, 93, '234.95', '20'),
(67, 200, 5, 61, '60.85', '20'),
(68, 125, 10, 73, '439.36', '20'),
(69, 162, 5, 96, '331.58', '20'),
(70, 12, 8, 69, '193.30', '20'),
(71, 67, 7, 75, '110.66', '20'),
(72, 186, 5, 23, '419.67', '20'),
(73, 119, 6, 51, '385.59', '20'),
(74, 49, 8, 19, '391.69', '20'),
(75, 93, 10, 35, '393.72', '20'),
(76, 80, 8, 29, '478.30', '20'),
(77, 208, 8, 5, '413.20', '20'),
(78, 142, 6, 80, '375.82', '20'),
(79, 158, 6, 64, '13.88', '20'),
(80, 20, 9, 23, '135.74', '20'),
(81, 94, 9, 61, '287.29', '20'),
(82, 164, 10, 17, '326.04', '20'),
(83, 126, 10, 9, '124.99', '20'),
(84, 40, 10, 20, '55.01', '20'),
(85, 167, 5, 90, '333.06', '20'),
(86, 170, 5, 53, '325.84', '20'),
(87, 132, 6, 35, '421.26', '20'),
(88, 144, 10, 30, '429.92', '20'),
(89, 27, 5, 92, '93.73', '20'),
(90, 116, 10, 20, '411.48', '20'),
(91, 188, 8, 14, '102.59', '20'),
(92, 73, 5, 68, '444.55', '20'),
(93, 76, 10, 22, '30.84', '20'),
(94, 66, 5, 81, '150.06', '20'),
(95, 27, 7, 87, '120.07', '20'),
(96, 158, 5, 42, '411.08', '20'),
(97, 164, 7, 29, '60.00', '20'),
(98, 103, 10, 95, '415.26', '20'),
(99, 67, 7, 49, '434.54', '20'),
(100, 67, 6, 71, '21.30', '20'),
(101, 178, 5, 83, '77.21', '20'),
(102, 157, 10, 91, '283.38', '20'),
(103, 118, 6, 53, '411.68', '20'),
(104, 153, 6, 96, '48.86', '20'),
(105, 9, 7, 94, '274.62', '20'),
(106, 87, 8, 96, '345.42', '20'),
(107, 76, 9, 10, '410.66', '20'),
(108, 113, 8, 53, '470.26', '20'),
(109, 14, 10, 100, '179.82', '20'),
(110, 10, 6, 80, '424.99', '20'),
(111, 104, 9, 67, '265.12', '20'),
(112, 70, 10, 58, '409.87', '20'),
(113, 52, 9, 66, '302.80', '20'),
(114, 135, 9, 10, '166.53', '20'),
(115, 173, 7, 77, '88.43', '20'),
(116, 144, 5, 33, '29.24', '20'),
(117, 151, 9, 39, '49.14', '20'),
(118, 166, 6, 16, '391.12', '20'),
(119, 14, 7, 45, '253.78', '20'),
(120, 152, 7, 100, '118.53', '20'),
(121, 61, 9, 79, '231.19', '20'),
(122, 78, 9, 21, '355.82', '20'),
(123, 36, 10, 80, '455.29', '20'),
(124, 149, 8, 77, '189.64', '20'),
(125, 63, 8, 43, '409.51', '20'),
(126, 78, 10, 1, '403.91', '20'),
(127, 91, 7, 56, '427.16', '20'),
(128, 117, 7, 71, '485.54', '20'),
(129, 62, 9, 31, '372.48', '20'),
(130, 82, 10, 49, '37.21', '20'),
(131, 17, 10, 16, '139.84', '20'),
(132, 74, 10, 86, '275.61', '20'),
(133, 158, 9, 91, '41.46', '20'),
(134, 33, 8, 77, '247.80', '20'),
(135, 128, 7, 79, '162.86', '20'),
(136, 147, 10, 22, '340.96', '20'),
(137, 16, 9, 24, '384.31', '20'),
(138, 135, 7, 26, '21.81', '20'),
(139, 119, 6, 60, '62.04', '20'),
(140, 21, 10, 100, '264.98', '20'),
(141, 41, 10, 87, '220.89', '20'),
(142, 142, 6, 98, '59.70', '20'),
(143, 156, 7, 12, '456.04', '20'),
(144, 136, 8, 89, '196.60', '20'),
(145, 44, 8, 9, '103.25', '20'),
(146, 85, 6, 42, '468.10', '20'),
(147, 155, 5, 56, '189.37', '20'),
(148, 68, 6, 4, '454.41', '20'),
(149, 107, 6, 99, '294.61', '20'),
(150, 121, 10, 77, '327.50', '20'),
(151, 124, 9, 63, '138.66', '20'),
(152, 204, 9, 89, '279.85', '20'),
(153, 126, 5, 43, '29.25', '20'),
(154, 18, 8, 37, '266.37', '20'),
(155, 95, 8, 100, '236.72', '20'),
(156, 66, 10, 57, '234.58', '20'),
(157, 82, 8, 31, '319.31', '20'),
(158, 24, 8, 93, '121.28', '20'),
(159, 123, 6, 84, '265.79', '20'),
(160, 143, 7, 26, '437.69', '20'),
(161, 70, 7, 61, '166.07', '20'),
(162, 141, 8, 31, '498.71', '20'),
(163, 86, 8, 4, '221.80', '20'),
(164, 203, 10, 75, '356.01', '20'),
(165, 40, 7, 4, '243.50', '20'),
(166, 141, 5, 11, '217.98', '20'),
(167, 144, 10, 53, '143.73', '20'),
(168, 102, 6, 31, '78.79', '20'),
(169, 134, 6, 17, '231.01', '20'),
(170, 110, 6, 1, '90.71', '20'),
(171, 119, 7, 9, '351.17', '20'),
(172, 19, 10, 12, '453.53', '20'),
(173, 146, 6, 16, '435.46', '20'),
(174, 74, 8, 27, '146.78', '20'),
(175, 131, 5, 95, '120.40', '20'),
(176, 166, 5, 59, '51.66', '20'),
(177, 136, 5, 14, '388.60', '20'),
(178, 192, 9, 85, '145.92', '20'),
(179, 116, 8, 31, '224.89', '20'),
(180, 101, 5, 82, '469.55', '20'),
(181, 100, 9, 1, '50.26', '20'),
(182, 23, 6, 47, '334.57', '20'),
(183, 106, 8, 83, '262.33', '20'),
(184, 157, 5, 72, '180.15', '20'),
(185, 11, 6, 65, '318.57', '20'),
(186, 123, 6, 5, '86.86', '20'),
(187, 173, 5, 75, '458.03', '20'),
(188, 151, 9, 27, '488.95', '20'),
(189, 172, 5, 44, '134.92', '20'),
(190, 58, 7, 19, '45.51', '20'),
(191, 104, 6, 24, '82.96', '20'),
(192, 149, 6, 92, '307.93', '20'),
(193, 189, 6, 88, '385.32', '20'),
(194, 47, 8, 24, '462.82', '20'),
(195, 188, 8, 95, '465.66', '20'),
(196, 194, 9, 10, '452.55', '20'),
(197, 61, 5, 81, '23.13', '20'),
(198, 23, 5, 59, '356.85', '20'),
(199, 56, 9, 91, '156.41', '20'),
(200, 128, 9, 3, '128.87', '20'),
(201, 150, 7, 18, '12.22', '20'),
(202, 23, 9, 55, '167.49', '20'),
(203, 73, 10, 46, '219.85', '20'),
(204, 56, 5, 46, '308.29', '20'),
(205, 19, 8, 59, '14.77', '20'),
(206, 161, 9, 69, '397.06', '20'),
(207, 68, 7, 97, '214.80', '20'),
(208, 208, 9, 55, '433.52', '20'),
(209, 96, 9, 77, '413.20', '20'),
(210, 139, 7, 69, '190.74', '20'),
(211, 161, 5, 49, '238.54', '20'),
(212, 45, 8, 28, '389.16', '20'),
(213, 17, 8, 82, '19.44', '20'),
(214, 180, 6, 79, '106.04', '20'),
(215, 53, 6, 23, '165.75', '20'),
(216, 79, 7, 32, '181.83', '20'),
(217, 22, 5, 5, '123.25', '20'),
(218, 28, 10, 100, '229.08', '20'),
(219, 127, 8, 98, '191.15', '20'),
(220, 47, 8, 77, '273.55', '20'),
(221, 201, 8, 6, '178.68', '20'),
(222, 55, 10, 84, '420.12', '20'),
(223, 66, 5, 89, '89.53', '20'),
(224, 54, 7, 38, '287.50', '20'),
(225, 159, 6, 49, '15.56', '20'),
(226, 82, 9, 70, '268.83', '20'),
(227, 184, 5, 55, '341.49', '20'),
(228, 65, 9, 67, '123.50', '20'),
(229, 129, 7, 54, '398.07', '20'),
(230, 57, 8, 67, '363.90', '20'),
(231, 104, 10, 79, '411.59', '20'),
(232, 41, 9, 32, '290.30', '20'),
(233, 73, 5, 88, '194.27', '20'),
(234, 11, 10, 72, '464.18', '20'),
(235, 152, 6, 53, '365.80', '20'),
(236, 84, 8, 53, '473.05', '20'),
(237, 199, 7, 22, '193.70', '20'),
(238, 64, 9, 58, '498.90', '20'),
(239, 130, 10, 24, '473.23', '20'),
(240, 84, 7, 32, '461.11', '20'),
(241, 36, 7, 48, '186.28', '20'),
(242, 43, 7, 10, '45.67', '20'),
(243, 52, 5, 8, '188.86', '20'),
(244, 206, 8, 36, '369.44', '20'),
(245, 26, 5, 33, '276.46', '20'),
(246, 113, 8, 37, '124.28', '20'),
(247, 96, 10, 78, '31.95', '20'),
(248, 68, 6, 57, '455.63', '20'),
(249, 158, 8, 40, '92.89', '20'),
(250, 203, 9, 85, '191.96', '20'),
(251, 125, 8, 85, '433.00', '20'),
(252, 206, 5, 62, '161.97', '20'),
(253, 155, 6, 83, '295.90', '20'),
(254, 129, 9, 59, '221.34', '20'),
(255, 190, 10, 23, '295.65', '20'),
(256, 166, 7, 85, '211.63', '20'),
(257, 150, 6, 42, '254.11', '20'),
(258, 202, 7, 27, '266.99', '20'),
(259, 195, 10, 85, '72.86', '20'),
(260, 185, 8, 69, '48.62', '20'),
(261, 141, 5, 22, '195.67', '20'),
(262, 95, 5, 25, '363.24', '20'),
(263, 104, 9, 8, '266.01', '20'),
(264, 208, 9, 89, '290.23', '20'),
(265, 185, 6, 13, '311.73', '20'),
(266, 89, 5, 45, '278.21', '20'),
(267, 65, 6, 83, '205.32', '20'),
(268, 52, 6, 88, '101.97', '20'),
(269, 143, 5, 89, '370.08', '20'),
(270, 205, 8, 24, '494.11', '20'),
(271, 207, 10, 66, '243.47', '20'),
(272, 138, 8, 5, '128.85', '20'),
(273, 187, 10, 56, '124.21', '20'),
(274, 187, 10, 63, '343.60', '20'),
(275, 54, 8, 3, '410.08', '20'),
(276, 104, 9, 52, '238.82', '20'),
(277, 132, 10, 37, '114.35', '20'),
(278, 103, 5, 63, '390.63', '20'),
(279, 61, 5, 94, '103.17', '20'),
(280, 49, 5, 1, '258.58', '20'),
(281, 15, 8, 24, '221.75', '20'),
(282, 92, 6, 42, '383.71', '20'),
(283, 190, 9, 50, '284.33', '20'),
(284, 135, 6, 42, '63.54', '20'),
(285, 139, 8, 49, '138.10', '20'),
(286, 95, 10, 63, '132.54', '20'),
(287, 198, 9, 51, '304.86', '20'),
(288, 22, 5, 23, '47.28', '20'),
(289, 57, 8, 46, '314.26', '20'),
(290, 141, 10, 31, '140.13', '20'),
(291, 207, 7, 2, '355.45', '20'),
(292, 29, 6, 52, '260.21', '20'),
(293, 68, 8, 39, '31.56', '20'),
(294, 194, 9, 23, '238.13', '20'),
(295, 77, 6, 84, '39.69', '20'),
(296, 59, 7, 64, '206.02', '20'),
(297, 155, 8, 73, '426.37', '20'),
(298, 59, 9, 42, '356.97', '20'),
(299, 119, 5, 8, '458.24', '20'),
(300, 186, 7, 20, '26.88', '20'),
(301, 100, 8, 21, '352.67', '20'),
(302, 11, 7, 73, '297.25', '20'),
(303, 25, 8, 86, '454.62', '20'),
(304, 148, 7, 75, '43.77', '20'),
(305, 171, 9, 63, '84.71', '20'),
(306, 84, 10, 47, '492.16', '20'),
(307, 190, 9, 91, '73.32', '20'),
(308, 122, 7, 22, '275.19', '20'),
(309, 68, 10, 23, '396.45', '20'),
(310, 90, 6, 25, '21.74', '20'),
(311, 141, 6, 73, '228.40', '20'),
(312, 44, 6, 27, '186.83', '20'),
(313, 59, 10, 91, '457.63', '20'),
(314, 30, 9, 94, '451.55', '20'),
(315, 130, 8, 30, '415.27', '20'),
(316, 46, 10, 8, '89.34', '20'),
(317, 111, 8, 37, '52.02', '20'),
(318, 145, 6, 52, '239.08', '20'),
(319, 52, 7, 75, '294.02', '20'),
(320, 177, 9, 77, '331.14', '20'),
(321, 178, 7, 22, '97.27', '20'),
(322, 156, 6, 77, '122.54', '20'),
(323, 130, 8, 74, '337.83', '20'),
(324, 81, 9, 2, '474.15', '20'),
(325, 31, 8, 82, '414.38', '20'),
(326, 17, 10, 93, '201.31', '20'),
(327, 169, 6, 26, '55.55', '20'),
(328, 167, 9, 95, '262.88', '20'),
(329, 105, 10, 20, '18.46', '20'),
(330, 110, 9, 82, '302.66', '20'),
(331, 52, 7, 31, '476.83', '20'),
(332, 176, 9, 46, '450.63', '20'),
(333, 79, 9, 13, '332.83', '20'),
(334, 161, 5, 46, '188.98', '20'),
(335, 82, 5, 93, '67.77', '20'),
(336, 45, 5, 64, '197.72', '20'),
(337, 69, 10, 95, '264.16', '20'),
(338, 188, 10, 21, '485.94', '20'),
(339, 108, 5, 62, '332.46', '20'),
(340, 25, 8, 58, '464.24', '20'),
(341, 175, 10, 11, '316.58', '20'),
(342, 92, 10, 36, '380.43', '20'),
(343, 87, 9, 34, '253.55', '20'),
(344, 166, 8, 5, '18.21', '20'),
(345, 45, 10, 1, '241.97', '20'),
(346, 9, 7, 83, '360.35', '20'),
(347, 187, 6, 32, '24.44', '20'),
(348, 79, 6, 67, '364.00', '20'),
(349, 127, 5, 100, '152.12', '20'),
(350, 157, 8, 12, '27.06', '20'),
(351, 87, 8, 71, '5.67', '20'),
(352, 90, 5, 37, '94.88', '20'),
(353, 173, 8, 4, '257.09', '20'),
(354, 100, 5, 61, '350.21', '20'),
(355, 189, 7, 54, '444.36', '20'),
(356, 38, 9, 97, '397.89', '20'),
(357, 64, 8, 86, '349.28', '20'),
(358, 28, 8, 23, '133.99', '20'),
(359, 16, 6, 70, '288.35', '20'),
(360, 91, 9, 43, '266.03', '20'),
(361, 166, 7, 91, '286.54', '20'),
(362, 93, 10, 62, '276.30', '20'),
(363, 103, 9, 52, '419.84', '20'),
(364, 198, 7, 94, '312.38', '20'),
(365, 95, 8, 15, '309.56', '20'),
(366, 194, 5, 75, '98.34', '20'),
(367, 105, 8, 77, '225.40', '20'),
(368, 149, 8, 96, '498.11', '20'),
(369, 111, 10, 40, '181.96', '20'),
(370, 53, 7, 38, '245.36', '20'),
(371, 188, 6, 78, '305.33', '20'),
(372, 186, 7, 85, '259.92', '20'),
(373, 135, 9, 74, '206.20', '20'),
(374, 193, 9, 15, '454.48', '20'),
(375, 188, 8, 60, '305.72', '20'),
(376, 154, 6, 95, '334.61', '20'),
(377, 76, 6, 41, '24.19', '20'),
(378, 147, 8, 62, '66.77', '20'),
(379, 18, 9, 26, '179.15', '20'),
(380, 58, 5, 86, '358.23', '20'),
(381, 83, 7, 30, '50.21', '20'),
(382, 63, 6, 65, '488.06', '20'),
(383, 187, 10, 40, '468.36', '20'),
(384, 92, 10, 29, '163.36', '20'),
(385, 19, 10, 70, '380.54', '20'),
(386, 144, 6, 37, '13.18', '20'),
(387, 82, 6, 99, '431.09', '20'),
(388, 19, 10, 35, '165.39', '20'),
(389, 137, 5, 98, '284.15', '20'),
(390, 140, 9, 48, '310.87', '20'),
(391, 192, 5, 4, '270.29', '20'),
(392, 193, 8, 97, '425.35', '20'),
(393, 136, 7, 99, '296.05', '20'),
(394, 190, 7, 83, '311.84', '20'),
(395, 49, 7, 60, '37.83', '20'),
(396, 103, 7, 45, '98.24', '20'),
(397, 133, 7, 16, '412.47', '20'),
(398, 72, 9, 69, '172.52', '20'),
(399, 208, 10, 24, '169.77', '20'),
(400, 174, 10, 53, '164.07', '20'),
(401, 89, 8, 13, '188.48', '20'),
(402, 46, 5, 90, '438.33', '20'),
(403, 167, 9, 55, '163.46', '20'),
(404, 19, 6, 32, '6.40', '20'),
(405, 106, 8, 88, '167.34', '20'),
(406, 165, 10, 27, '310.49', '20'),
(407, 55, 10, 92, '489.77', '20'),
(408, 188, 8, 26, '405.18', '20'),
(409, 113, 7, 5, '114.96', '20'),
(410, 145, 9, 67, '180.49', '20'),
(411, 168, 9, 43, '424.63', '20'),
(412, 202, 7, 53, '416.17', '20'),
(413, 39, 7, 78, '337.24', '20'),
(414, 197, 9, 20, '448.48', '20'),
(415, 45, 5, 70, '465.65', '20'),
(416, 106, 6, 89, '313.53', '20'),
(417, 132, 8, 94, '367.04', '20'),
(418, 188, 6, 22, '207.98', '20'),
(419, 84, 6, 92, '55.28', '20'),
(420, 95, 9, 50, '86.93', '20'),
(421, 192, 9, 88, '196.73', '20'),
(422, 182, 8, 29, '172.09', '20'),
(423, 112, 8, 53, '12.17', '20'),
(424, 103, 9, 92, '406.10', '20'),
(425, 108, 10, 96, '408.24', '20'),
(426, 177, 6, 64, '89.25', '20'),
(427, 90, 9, 69, '198.98', '20'),
(428, 196, 9, 18, '20.19', '20'),
(429, 189, 10, 41, '340.78', '20'),
(430, 102, 10, 88, '237.41', '20'),
(431, 119, 6, 22, '261.82', '20'),
(432, 100, 6, 59, '455.40', '20'),
(433, 42, 5, 20, '479.54', '20'),
(434, 150, 7, 50, '475.27', '20'),
(435, 193, 10, 20, '159.59', '20'),
(436, 137, 7, 38, '466.49', '20'),
(437, 93, 5, 76, '492.46', '20'),
(438, 163, 9, 99, '409.69', '20'),
(439, 64, 7, 30, '238.45', '20'),
(440, 14, 8, 17, '118.83', '20'),
(441, 83, 6, 43, '448.65', '20'),
(442, 32, 9, 78, '389.47', '20'),
(443, 176, 6, 9, '392.44', '20'),
(444, 176, 8, 99, '238.13', '20'),
(445, 127, 8, 70, '328.79', '20'),
(446, 130, 5, 89, '140.91', '20'),
(447, 25, 6, 22, '304.50', '20'),
(448, 67, 5, 1, '424.21', '20'),
(449, 161, 9, 12, '143.26', '20'),
(450, 48, 8, 34, '223.54', '20'),
(451, 156, 5, 28, '494.84', '20'),
(452, 110, 8, 23, '20.97', '20'),
(453, 104, 5, 16, '460.84', '20'),
(454, 199, 5, 39, '146.56', '20'),
(455, 68, 8, 62, '289.04', '20'),
(456, 83, 9, 37, '326.55', '20'),
(457, 166, 10, 99, '48.23', '20'),
(458, 204, 5, 85, '140.53', '20'),
(459, 147, 5, 62, '72.25', '20'),
(460, 183, 10, 50, '81.24', '20'),
(461, 103, 10, 36, '78.10', '20'),
(462, 160, 6, 63, '417.28', '20'),
(463, 106, 8, 66, '288.84', '20'),
(464, 95, 7, 14, '375.22', '20'),
(465, 91, 10, 51, '188.52', '20'),
(466, 196, 10, 39, '489.93', '20'),
(467, 168, 8, 31, '72.19', '20'),
(468, 157, 10, 70, '170.46', '20'),
(469, 185, 6, 11, '466.03', '20'),
(470, 19, 8, 60, '359.25', '20'),
(471, 169, 8, 78, '402.29', '20'),
(472, 13, 6, 14, '348.08', '20'),
(473, 200, 10, 87, '432.66', '20'),
(474, 131, 10, 74, '342.01', '20'),
(475, 31, 8, 7, '304.20', '20'),
(476, 87, 10, 12, '389.33', '20'),
(477, 187, 9, 63, '196.30', '20'),
(478, 38, 6, 56, '346.23', '20'),
(479, 94, 7, 12, '342.95', '20'),
(480, 22, 8, 88, '286.01', '20'),
(481, 184, 10, 7, '143.25', '20'),
(482, 202, 9, 62, '156.07', '20'),
(483, 120, 6, 19, '97.05', '20'),
(484, 136, 9, 99, '61.47', '20'),
(485, 61, 10, 36, '26.61', '20'),
(486, 152, 10, 89, '121.24', '20'),
(487, 140, 10, 20, '89.87', '20'),
(488, 25, 6, 68, '153.43', '20'),
(489, 90, 8, 17, '294.94', '20'),
(490, 71, 8, 41, '379.66', '20'),
(491, 87, 9, 41, '461.90', '20'),
(492, 119, 8, 94, '248.24', '20'),
(493, 34, 10, 1, '382.51', '20'),
(494, 149, 8, 27, '419.04', '20'),
(495, 194, 5, 25, '248.13', '20'),
(496, 30, 8, 93, '213.67', '20'),
(497, 62, 8, 96, '274.59', '20'),
(498, 186, 8, 15, '308.49', '20'),
(499, 26, 5, 13, '443.09', '20'),
(500, 11, 6, 39, '133.34', '20'),
(501, 67, 8, 70, '56.74', '20'),
(502, 195, 8, 5, '81.09', '20'),
(503, 41, 5, 50, '121.65', '20'),
(504, 189, 10, 44, '228.93', '20'),
(505, 107, 5, 79, '401.68', '20'),
(506, 144, 5, 97, '107.48', '20'),
(507, 203, 10, 77, '109.05', '20'),
(508, 59, 9, 99, '119.52', '20'),
(509, 132, 8, 68, '209.86', '20'),
(510, 17, 6, 47, '187.22', '20');

-- --------------------------------------------------------

--
-- Tablo için tablo yapısı `sales_supplierpriceoffer`
--

DROP TABLE IF EXISTS `sales_supplierpriceoffer`;
CREATE TABLE IF NOT EXISTS `sales_supplierpriceoffer` (
  `offer_id` int(11) NOT NULL AUTO_INCREMENT,
  `supplier_id` int(11) NOT NULL,
  `product_id` int(11) NOT NULL,
  `list_price` decimal(10,2) NOT NULL,
  `price_date` timestamp NOT NULL DEFAULT CURRENT_TIMESTAMP,
  PRIMARY KEY (`offer_id`),
  KEY `product_id` (`product_id`),
  KEY `supplier_id` (`supplier_id`)
) ENGINE=InnoDB AUTO_INCREMENT=301 DEFAULT CHARSET=utf8;

--
-- Tablo döküm verisi `sales_supplierpriceoffer`
--

INSERT INTO `sales_supplierpriceoffer` (`offer_id`, `supplier_id`, `product_id`, `list_price`, `price_date`) VALUES
(1, 16, 5, '1088.26', '2024-09-27 21:00:00'),
(2, 3, 5, '1231.86', '2024-05-12 21:00:00'),
(3, 8, 5, '740.00', '2024-06-10 21:00:00'),
(4, 3, 5, '1216.61', '2024-03-05 21:00:00'),
(5, 22, 5, '1083.59', '2024-07-10 21:00:00'),
(6, 22, 5, '738.34', '2024-03-14 21:00:00'),
(7, 22, 5, '921.74', '2024-03-01 21:00:00'),
(8, 12, 5, '648.94', '2024-07-21 21:00:00'),
(9, 21, 5, '612.20', '2024-01-13 21:00:00'),
(10, 5, 5, '670.80', '2024-09-05 21:00:00'),
(11, 16, 5, '675.09', '2024-04-07 21:00:00'),
(12, 22, 5, '631.32', '2024-12-02 21:00:00'),
(13, 10, 5, '726.43', '2024-03-11 21:00:00'),
(14, 20, 5, '590.18', '2024-03-19 21:00:00'),
(15, 18, 5, '1117.78', '2024-11-21 21:00:00'),
(16, 1, 5, '513.95', '2024-04-29 21:00:00'),
(17, 2, 5, '575.53', '2024-01-28 21:00:00'),
(18, 15, 5, '727.42', '2024-11-13 21:00:00'),
(19, 16, 5, '1017.93', '2024-09-25 21:00:00'),
(20, 17, 5, '1238.74', '2024-07-22 21:00:00'),
(21, 23, 5, '1005.43', '2024-01-30 21:00:00'),
(22, 20, 5, '985.84', '2024-08-21 21:00:00'),
(23, 4, 5, '506.92', '2024-05-13 21:00:00'),
(24, 12, 5, '1183.76', '2024-02-12 21:00:00'),
(25, 18, 5, '801.65', '2024-07-23 21:00:00'),
(26, 12, 5, '754.52', '2024-04-21 21:00:00'),
(27, 2, 5, '616.35', '2024-01-12 21:00:00'),
(28, 8, 5, '1095.11', '2024-04-24 21:00:00'),
(29, 13, 5, '1023.11', '2024-10-06 21:00:00'),
(30, 21, 5, '876.54', '2024-06-10 21:00:00'),
(31, 1, 5, '1176.81', '2024-05-27 21:00:00'),
(32, 1, 5, '1054.29', '2024-10-30 21:00:00'),
(33, 22, 5, '778.44', '2024-04-14 21:00:00'),
(34, 5, 5, '839.01', '2024-07-30 21:00:00'),
(35, 8, 5, '1246.95', '2024-03-17 21:00:00'),
(36, 7, 5, '653.72', '2024-08-14 21:00:00'),
(37, 7, 5, '656.31', '2024-02-08 21:00:00'),
(38, 16, 5, '646.46', '2024-07-16 21:00:00'),
(39, 18, 5, '806.27', '2024-05-19 21:00:00'),
(40, 14, 5, '634.95', '2024-08-13 21:00:00'),
(41, 10, 5, '1159.65', '2024-01-13 21:00:00'),
(42, 11, 5, '1213.32', '2024-09-21 21:00:00'),
(43, 11, 5, '720.33', '2024-09-14 21:00:00'),
(44, 4, 5, '692.21', '2024-12-07 21:00:00'),
(45, 23, 5, '997.84', '2024-01-13 21:00:00'),
(46, 1, 5, '886.02', '2024-12-19 21:00:00'),
(47, 5, 5, '554.80', '2024-02-05 21:00:00'),
(48, 4, 5, '931.64', '2024-01-12 21:00:00'),
(49, 12, 5, '741.16', '2024-02-03 21:00:00'),
(50, 4, 5, '604.67', '2024-08-01 21:00:00'),
(51, 18, 6, '11.02', '2024-03-02 21:00:00'),
(52, 21, 6, '5.51', '2024-12-24 21:00:00'),
(53, 18, 6, '11.93', '2024-09-06 21:00:00'),
(54, 17, 6, '7.15', '2024-09-13 21:00:00'),
(55, 4, 6, '8.26', '2024-03-09 21:00:00'),
(56, 23, 6, '9.58', '2024-05-14 21:00:00'),
(57, 19, 6, '7.25', '2024-09-06 21:00:00'),
(58, 6, 6, '10.85', '2024-11-18 21:00:00'),
(59, 8, 6, '5.96', '2024-02-26 21:00:00'),
(60, 18, 6, '5.72', '2024-05-24 21:00:00'),
(61, 7, 6, '11.11', '2024-10-23 21:00:00'),
(62, 10, 6, '6.50', '2024-12-01 21:00:00'),
(63, 19, 6, '11.53', '2024-09-21 21:00:00'),
(64, 1, 6, '4.08', '2024-01-28 21:00:00'),
(65, 8, 6, '6.56', '2024-12-14 21:00:00'),
(66, 7, 6, '9.34', '2024-09-05 21:00:00'),
(67, 11, 6, '8.47', '2024-03-26 21:00:00'),
(68, 1, 6, '8.54', '2024-11-10 21:00:00'),
(69, 1, 6, '8.87', '2024-02-14 21:00:00'),
(70, 2, 6, '11.76', '2024-11-08 21:00:00'),
(71, 1, 6, '11.64', '2024-03-24 21:00:00'),
(72, 10, 6, '9.64', '2024-09-21 21:00:00'),
(73, 16, 6, '8.87', '2024-08-09 21:00:00'),
(74, 1, 6, '4.74', '2024-07-30 21:00:00'),
(75, 21, 6, '8.84', '2024-05-28 21:00:00'),
(76, 22, 6, '6.06', '2024-06-10 21:00:00'),
(77, 19, 6, '7.66', '2024-06-01 21:00:00'),
(78, 19, 6, '11.50', '2024-07-05 21:00:00'),
(79, 17, 6, '7.08', '2024-02-01 21:00:00'),
(80, 13, 6, '6.97', '2024-01-14 21:00:00'),
(81, 21, 6, '5.30', '2024-03-06 21:00:00'),
(82, 10, 6, '6.20', '2024-05-11 21:00:00'),
(83, 8, 6, '10.89', '2024-10-08 21:00:00'),
(84, 7, 6, '5.67', '2024-07-26 21:00:00'),
(85, 17, 6, '7.54', '2024-06-03 21:00:00'),
(86, 8, 6, '8.73', '2024-12-04 21:00:00'),
(87, 20, 6, '6.77', '2024-04-20 21:00:00'),
(88, 8, 6, '6.73', '2024-05-13 21:00:00'),
(89, 23, 6, '6.45', '2024-02-08 21:00:00'),
(90, 12, 6, '4.57', '2024-05-10 21:00:00'),
(91, 10, 6, '10.73', '2024-06-12 21:00:00'),
(92, 1, 6, '5.05', '2024-05-29 21:00:00'),
(93, 20, 6, '7.74', '2024-09-29 21:00:00'),
(94, 14, 6, '10.04', '2024-08-03 21:00:00'),
(95, 7, 6, '6.85', '2024-03-02 21:00:00'),
(96, 8, 6, '4.86', '2024-12-01 21:00:00'),
(97, 17, 6, '7.95', '2024-05-04 21:00:00'),
(98, 9, 6, '9.19', '2024-06-20 21:00:00'),
(99, 23, 6, '7.61', '2024-05-26 21:00:00'),
(100, 4, 6, '9.10', '2024-03-25 21:00:00'),
(101, 18, 7, '1.13', '2024-08-14 21:00:00'),
(102, 10, 7, '2.20', '2024-12-24 21:00:00'),
(103, 16, 7, '5.63', '2024-01-26 21:00:00'),
(104, 3, 7, '7.23', '2024-09-15 21:00:00'),
(105, 21, 7, '5.58', '2024-08-09 21:00:00'),
(106, 20, 7, '3.28', '2024-12-21 21:00:00'),
(107, 5, 7, '6.56', '2024-12-19 21:00:00'),
(108, 4, 7, '6.54', '2024-09-04 21:00:00'),
(109, 8, 7, '6.28', '2024-02-04 21:00:00'),
(110, 15, 7, '6.75', '2024-09-12 21:00:00'),
(111, 18, 7, '6.98', '2024-04-06 21:00:00'),
(112, 1, 7, '1.44', '2024-06-22 21:00:00'),
(113, 16, 7, '7.13', '2024-04-20 21:00:00'),
(114, 15, 7, '7.05', '2024-01-20 21:00:00'),
(115, 1, 7, '5.76', '2024-07-21 21:00:00'),
(116, 22, 7, '2.91', '2024-05-07 21:00:00'),
(117, 22, 7, '5.46', '2024-09-03 21:00:00'),
(118, 11, 7, '4.58', '2024-11-18 21:00:00'),
(119, 14, 7, '5.19', '2024-07-25 21:00:00'),
(120, 13, 7, '1.14', '2024-11-17 21:00:00'),
(121, 12, 7, '2.52', '2024-10-04 21:00:00'),
(122, 17, 7, '2.65', '2024-04-27 21:00:00'),
(123, 13, 7, '6.82', '2024-01-26 21:00:00'),
(124, 6, 7, '5.65', '2024-12-18 21:00:00'),
(125, 10, 7, '1.46', '2024-03-21 21:00:00'),
(126, 20, 7, '4.53', '2024-08-02 21:00:00'),
(127, 12, 7, '5.53', '2024-03-24 21:00:00'),
(128, 8, 7, '3.35', '2024-05-20 21:00:00'),
(129, 22, 7, '3.94', '2024-06-08 21:00:00'),
(130, 12, 7, '5.22', '2024-09-26 21:00:00'),
(131, 2, 7, '1.16', '2024-04-06 21:00:00'),
(132, 15, 7, '1.16', '2024-11-30 21:00:00'),
(133, 10, 7, '2.46', '2024-02-18 21:00:00'),
(134, 2, 7, '5.91', '2024-01-07 21:00:00'),
(135, 10, 7, '4.57', '2024-02-16 21:00:00'),
(136, 6, 7, '4.73', '2024-05-29 21:00:00'),
(137, 7, 7, '4.73', '2024-05-05 21:00:00'),
(138, 13, 7, '7.22', '2024-02-05 21:00:00'),
(139, 8, 7, '3.47', '2024-11-29 21:00:00'),
(140, 20, 7, '1.21', '2024-09-05 21:00:00'),
(141, 8, 7, '7.91', '2024-05-26 21:00:00'),
(142, 16, 7, '3.84', '2024-02-17 21:00:00'),
(143, 16, 7, '5.73', '2024-07-30 21:00:00'),
(144, 2, 7, '4.62', '2024-09-02 21:00:00'),
(145, 6, 7, '7.49', '2024-11-22 21:00:00'),
(146, 17, 7, '1.88', '2024-10-17 21:00:00'),
(147, 11, 7, '4.69', '2024-04-09 21:00:00'),
(148, 21, 7, '5.49', '2024-03-03 21:00:00'),
(149, 4, 7, '2.60', '2024-03-01 21:00:00'),
(150, 15, 7, '6.61', '2024-01-13 21:00:00'),
(151, 20, 8, '50.85', '2024-11-19 21:00:00'),
(152, 17, 8, '57.59', '2024-12-12 21:00:00'),
(153, 1, 8, '60.78', '2024-04-14 21:00:00'),
(154, 20, 8, '95.89', '2024-02-14 21:00:00'),
(155, 4, 8, '74.19', '2024-05-12 21:00:00'),
(156, 4, 8, '69.14', '2024-09-19 21:00:00'),
(157, 1, 8, '79.87', '2024-07-06 21:00:00'),
(158, 21, 8, '76.72', '2024-06-03 21:00:00'),
(159, 19, 8, '75.68', '2024-05-08 21:00:00'),
(160, 11, 8, '89.02', '2024-11-12 21:00:00'),
(161, 15, 8, '60.49', '2024-08-16 21:00:00'),
(162, 8, 8, '82.29', '2024-03-15 21:00:00'),
(163, 15, 8, '59.13', '2024-01-10 21:00:00'),
(164, 6, 8, '63.27', '2024-06-24 21:00:00'),
(165, 11, 8, '85.24', '2024-09-10 21:00:00'),
(166, 14, 8, '69.33', '2024-09-18 21:00:00'),
(167, 12, 8, '99.54', '2024-01-18 21:00:00'),
(168, 16, 8, '99.71', '2024-05-07 21:00:00'),
(169, 3, 8, '58.93', '2024-08-04 21:00:00'),
(170, 18, 8, '98.34', '2024-12-14 21:00:00'),
(171, 22, 8, '83.82', '2024-05-07 21:00:00'),
(172, 14, 8, '70.92', '2024-06-26 21:00:00'),
(173, 9, 8, '89.41', '2024-09-05 21:00:00'),
(174, 20, 8, '83.59', '2024-06-11 21:00:00'),
(175, 13, 8, '76.10', '2024-04-20 21:00:00'),
(176, 11, 8, '98.98', '2024-10-08 21:00:00'),
(177, 17, 8, '61.42', '2024-09-08 21:00:00'),
(178, 21, 8, '60.93', '2024-02-29 21:00:00'),
(179, 15, 8, '75.35', '2024-09-15 21:00:00'),
(180, 4, 8, '99.61', '2024-12-12 21:00:00'),
(181, 17, 8, '82.39', '2024-01-05 21:00:00'),
(182, 6, 8, '62.95', '2024-03-04 21:00:00'),
(183, 17, 8, '71.42', '2024-04-20 21:00:00'),
(184, 10, 8, '74.06', '2024-07-26 21:00:00'),
(185, 9, 8, '75.31', '2024-11-01 21:00:00'),
(186, 4, 8, '64.86', '2024-01-04 21:00:00'),
(187, 23, 8, '73.94', '2024-06-15 21:00:00'),
(188, 18, 8, '62.37', '2024-01-26 21:00:00'),
(189, 20, 8, '51.79', '2024-01-08 21:00:00'),
(190, 4, 8, '91.67', '2024-10-29 21:00:00'),
(191, 6, 8, '95.05', '2024-06-25 21:00:00'),
(192, 8, 8, '71.08', '2024-01-10 21:00:00'),
(193, 16, 8, '79.21', '2024-09-16 21:00:00'),
(194, 2, 8, '52.57', '2024-08-01 21:00:00'),
(195, 10, 8, '59.21', '2024-03-20 21:00:00'),
(196, 3, 8, '65.41', '2024-06-02 21:00:00'),
(197, 3, 8, '55.96', '2024-04-20 21:00:00'),
(198, 23, 8, '50.73', '2024-06-20 21:00:00'),
(199, 23, 8, '72.47', '2024-10-26 21:00:00'),
(200, 7, 8, '87.37', '2024-09-30 21:00:00'),
(201, 22, 9, '37.09', '2024-05-22 21:00:00'),
(202, 2, 9, '62.66', '2024-10-09 21:00:00'),
(203, 22, 9, '72.77', '2024-05-06 21:00:00'),
(204, 5, 9, '54.50', '2024-07-30 21:00:00'),
(205, 6, 9, '47.29', '2024-05-19 21:00:00'),
(206, 1, 9, '65.44', '2024-08-13 21:00:00'),
(207, 13, 9, '50.73', '2024-04-23 21:00:00'),
(208, 11, 9, '41.25', '2024-07-16 21:00:00'),
(209, 19, 9, '55.85', '2024-02-13 21:00:00'),
(210, 5, 9, '65.02', '2024-01-15 21:00:00'),
(211, 16, 9, '65.60', '2024-03-11 21:00:00'),
(212, 22, 9, '61.13', '2024-03-06 21:00:00'),
(213, 18, 9, '61.54', '2024-12-14 21:00:00'),
(214, 17, 9, '66.58', '2024-11-04 21:00:00'),
(215, 15, 9, '69.41', '2024-12-17 21:00:00'),
(216, 10, 9, '38.87', '2024-09-12 21:00:00'),
(217, 15, 9, '61.27', '2024-01-07 21:00:00'),
(218, 3, 9, '54.40', '2024-06-10 21:00:00'),
(219, 16, 9, '46.18', '2024-06-01 21:00:00'),
(220, 10, 9, '41.91', '2024-05-08 21:00:00'),
(221, 7, 9, '43.40', '2024-03-25 21:00:00'),
(222, 10, 9, '41.03', '2024-05-26 21:00:00'),
(223, 14, 9, '73.00', '2024-08-19 21:00:00'),
(224, 23, 9, '63.81', '2024-01-12 21:00:00'),
(225, 17, 9, '67.85', '2024-10-14 21:00:00'),
(226, 23, 9, '48.00', '2024-01-10 21:00:00'),
(227, 18, 9, '74.93', '2024-02-13 21:00:00'),
(228, 22, 9, '67.35', '2024-09-21 21:00:00'),
(229, 4, 9, '41.37', '2024-11-26 21:00:00'),
(230, 4, 9, '74.77', '2024-04-24 21:00:00'),
(231, 18, 9, '64.38', '2024-07-27 21:00:00'),
(232, 16, 9, '71.88', '2024-09-04 21:00:00'),
(233, 16, 9, '41.25', '2024-04-12 21:00:00'),
(234, 7, 9, '40.73', '2024-11-24 21:00:00'),
(235, 3, 9, '67.90', '2024-09-07 21:00:00'),
(236, 3, 9, '50.77', '2024-03-19 21:00:00'),
(237, 2, 9, '67.87', '2024-06-11 21:00:00'),
(238, 23, 9, '63.19', '2024-05-12 21:00:00'),
(239, 6, 9, '38.40', '2024-03-24 21:00:00'),
(240, 8, 9, '55.88', '2024-04-26 21:00:00'),
(241, 19, 9, '44.12', '2024-10-09 21:00:00'),
(242, 21, 9, '41.08', '2024-04-30 21:00:00'),
(243, 23, 9, '59.15', '2024-01-16 21:00:00'),
(244, 10, 9, '38.01', '2024-08-21 21:00:00'),
(245, 17, 9, '37.16', '2024-08-24 21:00:00'),
(246, 19, 9, '61.14', '2024-04-07 21:00:00'),
(247, 16, 9, '73.28', '2024-07-09 21:00:00'),
(248, 13, 9, '44.53', '2024-12-24 21:00:00'),
(249, 17, 9, '73.24', '2024-10-04 21:00:00'),
(250, 1, 9, '43.38', '2024-06-06 21:00:00'),
(251, 10, 10, '398.92', '2024-01-03 21:00:00'),
(252, 19, 10, '378.77', '2024-05-08 21:00:00'),
(253, 1, 10, '415.88', '2024-06-20 21:00:00'),
(254, 21, 10, '439.59', '2024-03-22 21:00:00'),
(255, 11, 10, '519.28', '2024-02-02 21:00:00'),
(256, 20, 10, '399.51', '2024-11-24 21:00:00'),
(257, 15, 10, '445.74', '2024-07-22 21:00:00'),
(258, 8, 10, '516.22', '2024-06-06 21:00:00'),
(259, 11, 10, '493.33', '2024-06-02 21:00:00'),
(260, 16, 10, '520.02', '2024-01-11 21:00:00'),
(261, 20, 10, '523.82', '2024-12-22 21:00:00'),
(262, 7, 10, '432.73', '2024-11-09 21:00:00'),
(263, 12, 10, '479.72', '2024-08-14 21:00:00'),
(264, 4, 10, '446.70', '2024-06-07 21:00:00'),
(265, 10, 10, '444.59', '2024-07-18 21:00:00'),
(266, 10, 10, '403.94', '2024-08-11 21:00:00'),
(267, 5, 10, '434.85', '2024-07-26 21:00:00'),
(268, 18, 10, '449.21', '2024-12-11 21:00:00'),
(269, 22, 10, '488.32', '2024-12-21 21:00:00'),
(270, 22, 10, '415.12', '2024-10-14 21:00:00'),
(271, 22, 10, '436.37', '2024-12-15 21:00:00'),
(272, 11, 10, '458.31', '2024-07-30 21:00:00'),
(273, 5, 10, '435.28', '2024-01-31 21:00:00'),
(274, 9, 10, '439.57', '2024-12-23 21:00:00'),
(275, 6, 10, '458.78', '2024-02-18 21:00:00'),
(276, 10, 10, '470.37', '2024-07-21 21:00:00'),
(277, 10, 10, '401.21', '2024-11-11 21:00:00'),
(278, 22, 10, '390.86', '2024-02-28 21:00:00'),
(279, 21, 10, '398.38', '2024-05-03 21:00:00'),
(280, 2, 10, '401.67', '2024-03-29 21:00:00'),
(281, 21, 10, '453.41', '2024-05-20 21:00:00'),
(282, 9, 10, '465.66', '2024-09-07 21:00:00'),
(283, 10, 10, '504.91', '2024-08-18 21:00:00'),
(284, 22, 10, '464.70', '2024-06-22 21:00:00'),
(285, 13, 10, '448.42', '2024-11-26 21:00:00'),
(286, 12, 10, '394.54', '2024-06-20 21:00:00'),
(287, 22, 10, '520.00', '2024-01-09 21:00:00'),
(288, 18, 10, '497.61', '2024-10-13 21:00:00'),
(289, 16, 10, '460.17', '2024-07-05 21:00:00'),
(290, 15, 10, '491.54', '2024-10-06 21:00:00'),
(291, 7, 10, '496.81', '2024-01-03 21:00:00'),
(292, 20, 10, '499.29', '2024-04-15 21:00:00'),
(293, 13, 10, '440.30', '2024-01-04 21:00:00'),
(294, 1, 10, '390.82', '2024-04-30 21:00:00'),
(295, 9, 10, '442.72', '2024-08-12 21:00:00'),
(296, 18, 10, '446.91', '2024-02-11 21:00:00'),
(297, 4, 10, '453.42', '2024-08-21 21:00:00'),
(298, 17, 10, '511.57', '2024-02-26 21:00:00'),
(299, 19, 10, '461.23', '2024-12-17 21:00:00'),
(300, 18, 10, '397.82', '2024-03-29 21:00:00');

--
-- Dökümü yapılmış tablolar için kısıtlamalar
--

--
-- Tablo kısıtlamaları `list_product`
--
ALTER TABLE `list_product`
  ADD CONSTRAINT `list_product_ibfk_2` FOREIGN KEY (`category_id`) REFERENCES `list_category` (`category_id`);

--
-- Tablo kısıtlamaları `sales_stock`
--
ALTER TABLE `sales_stock`
  ADD CONSTRAINT `sales_stock_ibfk_2` FOREIGN KEY (`supplier_id`) REFERENCES `organization_supplier` (`supplier_id`),
  ADD CONSTRAINT `sales_stock_ibfk_3` FOREIGN KEY (`branch_id`) REFERENCES `list_branch` (`branch_id`);

--
-- Tablo kısıtlamaları `sales_stockproducts`
--
ALTER TABLE `sales_stockproducts`
  ADD CONSTRAINT `sales_stockproducts_ibfk_1` FOREIGN KEY (`stock_id`) REFERENCES `sales_stock` (`stock_id`),
  ADD CONSTRAINT `sales_stockproducts_ibfk_2` FOREIGN KEY (`product_id`) REFERENCES `list_product` (`product_id`);

--
-- Tablo kısıtlamaları `sales_supplierpriceoffer`
--
ALTER TABLE `sales_supplierpriceoffer`
  ADD CONSTRAINT `sales_supplierpriceoffer_ibfk_1` FOREIGN KEY (`product_id`) REFERENCES `list_product` (`product_id`),
  ADD CONSTRAINT `sales_supplierpriceoffer_ibfk_2` FOREIGN KEY (`supplier_id`) REFERENCES `organization_supplier` (`supplier_id`);
COMMIT;

/*!40101 SET CHARACTER_SET_CLIENT=@OLD_CHARACTER_SET_CLIENT */;
/*!40101 SET CHARACTER_SET_RESULTS=@OLD_CHARACTER_SET_RESULTS */;
/*!40101 SET COLLATION_CONNECTION=@OLD_COLLATION_CONNECTION */;
